<?xml version="1.0" encoding="UTF-8" standalone="yes"?>
<dnnParams>
    <networks>
        <network name="mct_brain" ordinal="0" type="">
            <inputTensors>
                <inputTensor persistency="1" ordinal="0" name="data:0" l2Offset="3265472" numOfDimensions="3" bitsPerElement="8" shift="0" scale="0.00390625" format="signed">
                    <dimensions>
                        <dimension size="256" serializationOrder="1" ordinal="0" padding="0"/>
                        <dimension size="256" serializationOrder="0" ordinal="1" padding="0"/>
                        <dimension size="3" serializationOrder="2" ordinal="2" padding="0"/>
                    </dimensions>
                </inputTensor>
            </inputTensors>
            <outputTensors>
                <outputTensor ordinal="0" name="transform-2-0-tf.nn.softmax:0" l2Offset="3466688" numOfDimensions="3" bitsPerElement="8" shift="0" scale="0.00390625" format="unsigned">
                    <dimensions>
                        <dimension size="1" serializationOrder="0" ordinal="0" padding="0"/>
                        <dimension size="1" serializationOrder="1" ordinal="1" padding="0"/>
                        <dimension size="14" serializationOrder="2" ordinal="2" padding="0"/>
                    </dimensions>
                </outputTensor>
            </outputTensors>
        </network>
    </networks>
    <l2memory totalSize="8388480" coefficientsSize="3601856" reservedMemorySize="1024" networksRuntimeSize="1521664"/>
</dnnParams>
